{
  "resourceType" : "Bundle",
  "id" : "bundle-no-info-required-sections",
  "meta" : {
    "profile" : ["http://hl7.org/fhir/us/sotus/StructureDefinition/Bundle-us-sotus"]
  },
  "language" : "en-US",
  "identifier" : {
    "system" : "urn:oid:2.16.724.4.8.10.200.10",
    "value" : "59f51f0b-2005-485c-858e-3d3ae9657287"
  },
  "type" : "document",
  "timestamp" : "2025-01-08T20:42:11.0607701+00:00",
  "entry" : [{
    "fullUrl" : "https://example.fhir.org/fhir/Composition/514af4c1-194d-48b4-8afe-7be09d3f895a",
    "resource" : {
      "resourceType" : "Composition",
      "id" : "514af4c1-194d-48b4-8afe-7be09d3f895a",
      "meta" : {
        "versionId" : "1",
        "profile" : ["http://hl7.org/fhir/us/sotus/StructureDefinition/Composition-us-sotus"]
      },
      "language" : "en-US",
      "text" : {
        "status" : "generated",
        "div" : "<div xmlns=\"http://www.w3.org/1999/xhtml\" xml:lang=\"en-US\" lang=\"en-US\"><a name=\"Composition_514af4c1-194d-48b4-8afe-7be09d3f895a\"> </a><p class=\"res-header-id\"><b>Generated Narrative: Composition 514af4c1-194d-48b4-8afe-7be09d3f895a</b></p><a name=\"514af4c1-194d-48b4-8afe-7be09d3f895a\"> </a><a name=\"hc514af4c1-194d-48b4-8afe-7be09d3f895a\"> </a><div style=\"display: inline-block; background-color: #d9e0e7; padding: 6px; margin: 4px; border: 1px solid #8da1b4; border-radius: 5px; line-height: 60%\"><p style=\"margin-bottom: 0px\">version: 1; Language: en-US</p><p style=\"margin-bottom: 0px\">Profile: <a href=\"StructureDefinition-Composition-us-sotus.html\">Composition (SOTUS)</a></p></div><p><b>identifier</b>: <code>urn:oid:2.16.840.1.113883.2.18.7.2</code>/59f51f0b-2005-485c-858e-3d3ae9657287</p><p><b>status</b>: Final</p><p><b>type</b>: <span title=\"Codes:{http://loinc.org 60591-5}\">Patient summary Document</span></p><p><b>date</b>: 2021-05-03</p><p><b>author</b>: <a href=\"Bundle-bundle-no-info-required-sections.html#Practitioner_19c24876-ccf8-45e7-8b66-462317e970f1\">Bundle: identifier = urn:oid:2.16.724.4.8.10.200.10#59f51f0b-2005-485c-858e-3d3ae9657287; type = document; timestamp = 2025-01-08 20:42:11+0000</a></p><p><b>title</b>: Patient Summary as of 2021-05-03</p><p><b>confidentiality</b>: normal</p><h3>Attesters</h3><table class=\"grid\"><tr><td style=\"display: none\">-</td><td><b>Mode</b></td><td><b>Time</b></td><td><b>Party</b></td></tr><tr><td style=\"display: none\">*</td><td>Professional</td><td>2021-05-03</td><td><a href=\"Bundle-bundle-no-info-required-sections.html#PractitionerRole_f54d8c90-aea2-46b0-8f7a-8683db78344e\">Bundle: identifier = urn:oid:2.16.724.4.8.10.200.10#59f51f0b-2005-485c-858e-3d3ae9657287; type = document; timestamp = 2025-01-08 20:42:11+0000</a></td></tr></table><p><b>custodian</b>: <a href=\"Bundle-bundle-no-info-required-sections.html#Organization_70a756e3-20b3-4637-8601-a222983e295a\">Bundle: identifier = urn:oid:2.16.724.4.8.10.200.10#59f51f0b-2005-485c-858e-3d3ae9657287; type = document; timestamp = 2025-01-08 20:42:11+0000</a></p><h3>RelatesTos</h3><table class=\"grid\"><tr><td style=\"display: none\">-</td><td><b>Code</b></td><td><b>Target[x]</b></td></tr><tr><td style=\"display: none\">*</td><td>Transforms</td><td><code>urn:oid:2.16.840.1.113883.2.18.7.2</code>/59f51f0b-2005-485c-858e-3d3ae9657287</td></tr></table><h3>Events</h3><table class=\"grid\"><tr><td style=\"display: none\">-</td><td><b>Code</b></td><td><b>Period</b></td></tr><tr><td style=\"display: none\">*</td><td><span title=\"Codes:{http://terminology.hl7.org/CodeSystem/v3-ActClass PCPR}\">care provision</span></td><td>?? --&gt; 2021-05-03</td></tr></table></div>"
      },
      "identifier" : {
        "system" : "urn:oid:2.16.840.1.113883.2.18.7.2",
        "value" : "59f51f0b-2005-485c-858e-3d3ae9657287"
      },
      "status" : "final",
      "type" : {
        "coding" : [{
          "system" : "http://loinc.org",
          "code" : "60591-5",
          "display" : "Patient summary Document"
        }]
      },
      "subject" : {
        "reference" : "Patient/AAA1234"
      },
      "date" : "2021-05-03",
      "author" : [{
        "reference" : "Practitioner/19c24876-ccf8-45e7-8b66-462317e970f1"
      }],
      "title" : "Patient Summary as of 2021-05-03",
      "confidentiality" : "N",
      "attester" : [{
        "mode" : "professional",
        "time" : "2021-05-03",
        "party" : {
          "reference" : "PractitionerRole/f54d8c90-aea2-46b0-8f7a-8683db78344e"
        }
      }],
      "custodian" : {
        "reference" : "Organization/70a756e3-20b3-4637-8601-a222983e295a"
      },
      "relatesTo" : [{
        "code" : "transforms",
        "targetIdentifier" : {
          "system" : "urn:oid:2.16.840.1.113883.2.18.7.2",
          "value" : "59f51f0b-2005-485c-858e-3d3ae9657287"
        }
      }],
      "event" : [{
        "code" : [{
          "coding" : [{
            "system" : "http://terminology.hl7.org/CodeSystem/v3-ActClass",
            "code" : "PCPR"
          }]
        }],
        "period" : {
          "end" : "2021-05-03"
        }
      }],
      "section" : [{
        "title" : "Problem List",
        "code" : {
          "coding" : [{
            "system" : "http://loinc.org",
            "code" : "11450-4",
            "display" : "Problem list - Reported"
          }]
        },
        "text" : {
          "status" : "generated",
          "div" : "<div xml:lang=\"en-US\" xmlns=\"http://www.w3.org/1999/xhtml\" lang=\"en-US\">There is no information available about the subject's health problems or disabilities.</div>"
        },
        "emptyReason" : {
          "coding" : [{
            "system" : "http://terminology.hl7.org/CodeSystem/list-empty-reason",
            "code" : "unavailable",
            "display" : "Unavailable"
          }],
          "text" : "No information available"
        }
      },
      {
        "title" : "Allergies and Intolerances",
        "code" : {
          "coding" : [{
            "system" : "http://loinc.org",
            "code" : "48765-2",
            "display" : "Allergies and adverse reactions Document"
          }]
        },
        "text" : {
          "status" : "generated",
          "div" : "<div xml:lang=\"en-US\" xmlns=\"http://www.w3.org/1999/xhtml\" lang=\"en-US\">There is no information available regarding the subject's allergies.</div>"
        },
        "emptyReason" : {
          "coding" : [{
            "system" : "http://terminology.hl7.org/CodeSystem/list-empty-reason",
            "code" : "unavailable",
            "display" : "Unavailable"
          }],
          "text" : "No information available"
        }
      },
      {
        "title" : "Medication Summary",
        "code" : {
          "coding" : [{
            "system" : "http://loinc.org",
            "code" : "10160-0",
            "display" : "History of Medication use Narrative"
          }]
        },
        "text" : {
          "status" : "generated",
          "div" : "<div xml:lang=\"en-US\" xmlns=\"http://www.w3.org/1999/xhtml\" lang=\"en-US\">There is no information available about the subject's medication use or administration.</div>"
        },
        "emptyReason" : {
          "coding" : [{
            "system" : "http://terminology.hl7.org/CodeSystem/list-empty-reason",
            "code" : "unavailable",
            "display" : "Unavailable"
          }],
          "text" : "No information available"
        }
      },
      {
        "title" : "Results",
        "code" : {
          "coding" : [{
            "system" : "http://loinc.org",
            "code" : "30954-2",
            "display" : "Relevant diagnostic tests/laboratory data note"
          }]
        },
        "text" : {
          "status" : "generated",
          "div" : "<div xml:lang=\"en-US\" xmlns=\"http://www.w3.org/1999/xhtml\" lang=\"en-US\">There is no information available about the subject's relevant diagnostic tests or laboratory data.</div>"
        },
        "emptyReason" : {
          "coding" : [{
            "system" : "http://terminology.hl7.org/CodeSystem/list-empty-reason",
            "code" : "unavailable",
            "display" : "Unavailable"
          }],
          "text" : "No information available"
        }
      },
      {
        "title" : "Social History",
        "code" : {
          "coding" : [{
            "system" : "http://loinc.org",
            "code" : "29762-2",
            "display" : "Social history note"
          }]
        },
        "text" : {
          "status" : "generated",
          "div" : "<div xml:lang=\"en-US\" xmlns=\"http://www.w3.org/1999/xhtml\" lang=\"en-US\">There is no information available about the subject's social history.</div>"
        },
        "emptyReason" : {
          "coding" : [{
            "system" : "http://terminology.hl7.org/CodeSystem/list-empty-reason",
            "code" : "unavailable",
            "display" : "Unavailable"
          }],
          "text" : "No information available"
        }
      },
      {
        "title" : "Vital Signs",
        "code" : {
          "coding" : [{
            "system" : "http://loinc.org",
            "code" : "8716-3",
            "display" : "Vital signs note"
          }]
        },
        "text" : {
          "status" : "generated",
          "div" : "<div xml:lang=\"en-US\" xmlns=\"http://www.w3.org/1999/xhtml\" lang=\"en-US\">There is no information available about the subject's vital signs.</div>"
        },
        "emptyReason" : {
          "coding" : [{
            "system" : "http://terminology.hl7.org/CodeSystem/list-empty-reason",
            "code" : "unavailable",
            "display" : "Unavailable"
          }],
          "text" : "No information available"
        }
      }]
    }
  },
  {
    "fullUrl" : "https://example.fhir.org/fhir/Patient/AAA1234",
    "resource" : {
      "resourceType" : "Patient",
      "id" : "AAA1234",
      "meta" : {
        "profile" : ["http://hl7.org/fhir/us/core/StructureDefinition/us-core-patient|8.0.0"]
      },
      "text" : {
        "status" : "generated",
        "div" : "<div xmlns=\"http://www.w3.org/1999/xhtml\"><a name=\"Patient_AAA1234\"> </a><p class=\"res-header-id\"><b>Generated Narrative: Patient AAA1234</b></p><a name=\"AAA1234\"> </a><a name=\"hcAAA1234\"> </a><div style=\"display: inline-block; background-color: #d9e0e7; padding: 6px; margin: 4px; border: 1px solid #8da1b4; border-radius: 5px; line-height: 60%\"><p style=\"margin-bottom: 0px\"/><p style=\"margin-bottom: 0px\">Profile: <a href=\"http://hl7.org/fhir/us/core/STU8/StructureDefinition-us-core-patient.html\">US Core Patient Profileversion: null8.0.0)</a></p></div><p style=\"border: 1px #661aff solid; background-color: #e6e6ff; padding: 10px;\">Amy V. Baxter  (no stated gender), DoB: 1987-02-20 ( Medical Record Number:\u00a01032702\u00a0(use:\u00a0usual,\u00a0))</p><hr/><table class=\"grid\"><tr><td style=\"background-color: #f3f5da\" title=\"Record is active\">Active:</td><td colspan=\"3\">true</td></tr><tr><td style=\"background-color: #f3f5da\" title=\"Alternate names (see the one above)\">Alt. Name:</td><td colspan=\"3\">Amy V. Shaw (Old)</td></tr><tr><td style=\"background-color: #f3f5da\" title=\"Ways to contact the Patient\">Contact Detail</td><td colspan=\"3\"><ul><li>ph: 555-555-5555(Home)</li><li><a href=\"mailto:amy.shaw@example.com\">amy.shaw@example.com</a></li><li>49 MEADOW ST MOUNDS OK 74047 US (old)</li><li>183 MOUNTAIN VIEW ST MOUNDS OK 74048 US </li></ul></td></tr><tr><td style=\"background-color: #f3f5da\" title=\"Language spoken\">Language:</td><td colspan=\"3\"><span title=\"Codes:{urn:ietf:bcp:47 es}\">Spanish</span> (preferred)</td></tr><tr><td style=\"background-color: #f3f5da\" title=\"USCDI includes a data element for Sex, intended to support the exchange of a recorded sex value. This extension aligns with the USCDI definition of Sex: &quot;Documentation of a specific instance of sex.&quot; It enables systems to share the sex value as it was documented in a particular context.  Systems choosing to record sources of information should use the [Provenance resource](element-level-provenance.html).\"><a href=\"http://hl7.org/fhir/us/core/STU8/StructureDefinition-us-core-sex.html\">US Core Sex Extension</a></td><td colspan=\"3\"><a href=\"http://snomed.info/sct/731000124108/id/248152002\">SNOMED CT 248152002</a>: Female (finding) (version = http://snomed.info/sct/731000124108 )</td></tr><tr><td style=\"background-color: #f3f5da\" title=\"Concepts classifying the person into a named category of humans sharing common history, traits, geographical origin or nationality.  The ethnicity codes used to represent these concepts are based upon the [CDC ethnicity and Ethnicity Code Set Version 1.0](http://www.cdc.gov/phin/resources/vocabulary/index.html) which includes over 900 concepts for representing race and ethnicity of which 43 reference ethnicity.  The ethnicity concepts are grouped by and pre-mapped to the 2 OMB ethnicity categories: - Hispanic or Latino - Not Hispanic or Latino.\">US Core Ethnicity Extension:</td><td colspan=\"3\"><ul><li>ombCategory: CDC Race and Ethnicity 2135-2: Hispanic or Latino</li><li>detailed: CDC Race and Ethnicity 2184-0: Dominican</li><li>detailed: CDC Race and Ethnicity 2148-5: Mexican</li><li>text: Hispanic or Latino</li></ul></td></tr><tr><td style=\"background-color: #f3f5da\" title=\"Concepts classifying the person into a named category of humans sharing common history, traits, geographical origin or nationality.  The race codes used to represent these concepts are based upon the [CDC Race and Ethnicity Code Set Version 1.0](http://www.cdc.gov/phin/resources/vocabulary/index.html#3) which includes over 900 concepts for representing race and ethnicity of which 921 reference race.  The race concepts are grouped by and pre-mapped to the 5 OMB race categories:\n\n - American Indian or Alaska Native\n - Asian\n - Black or African American\n - Native Hawaiian or Other Pacific Islander\n - White.\">US Core Race Extension:</td><td colspan=\"3\"><ul><li>ombCategory: CDC Race and Ethnicity 2106-3: White</li><li>ombCategory: CDC Race and Ethnicity 1002-5: American Indian or Alaska Native</li><li>ombCategory: CDC Race and Ethnicity 2028-9: Asian</li><li>detailed: CDC Race and Ethnicity 1586-7: Shoshone</li><li>detailed: CDC Race and Ethnicity 2036-2: Filipino</li><li>text: Mixed</li></ul></td></tr><tr><td style=\"background-color: #f3f5da\" title=\"This Extension profile represents a tribe or band with which a person associates and, optionally, whether they are enrolled.\">US Core Tribal Affiliation Extension:</td><td colspan=\"3\"><ul><li>tribalAffiliation: <span title=\"Codes:{http://terminology.hl7.org/CodeSystem/v3-TribalEntityUS 187}\">Shoshone</span></li><li>isEnrolled: false</li></ul></td></tr><tr><td style=\"background-color: #f3f5da\" title=\"This extension indicates the individual's need for an interpreter to communicate healthcare information in a language other than the default language of the organization. It has the same meaning as the LOINC [54588-9](https://loinc.org/54588-9) (Interpreter needed)\"><a href=\"http://hl7.org/fhir/us/core/STU8/StructureDefinition-us-core-interpreter-needed.html\">US Core Interpreter Needed Extension</a></td><td colspan=\"3\"><a href=\"http://snomed.info/sct/731000124108/id/373066001\">SNOMED CT 373066001</a>: Yes (qualifier value) (version = http://snomed.info/sct/731000124108 )</td></tr></table></div>"
      },
      "extension" : [{
        "extension" : [{
          "url" : "ombCategory",
          "valueCoding" : {
            "system" : "urn:oid:2.16.840.1.113883.6.238",
            "code" : "2106-3",
            "display" : "White"
          }
        },
        {
          "url" : "ombCategory",
          "valueCoding" : {
            "system" : "urn:oid:2.16.840.1.113883.6.238",
            "code" : "1002-5",
            "display" : "American Indian or Alaska Native"
          }
        },
        {
          "url" : "ombCategory",
          "valueCoding" : {
            "system" : "urn:oid:2.16.840.1.113883.6.238",
            "code" : "2028-9",
            "display" : "Asian"
          }
        },
        {
          "url" : "detailed",
          "valueCoding" : {
            "system" : "urn:oid:2.16.840.1.113883.6.238",
            "code" : "1586-7",
            "display" : "Shoshone"
          }
        },
        {
          "url" : "detailed",
          "valueCoding" : {
            "system" : "urn:oid:2.16.840.1.113883.6.238",
            "code" : "2036-2",
            "display" : "Filipino"
          }
        },
        {
          "url" : "text",
          "valueString" : "Mixed"
        }],
        "url" : "http://hl7.org/fhir/us/core/StructureDefinition/us-core-race"
      },
      {
        "extension" : [{
          "url" : "ombCategory",
          "valueCoding" : {
            "system" : "urn:oid:2.16.840.1.113883.6.238",
            "code" : "2135-2",
            "display" : "Hispanic or Latino"
          }
        },
        {
          "url" : "detailed",
          "valueCoding" : {
            "system" : "urn:oid:2.16.840.1.113883.6.238",
            "code" : "2184-0",
            "display" : "Dominican"
          }
        },
        {
          "url" : "detailed",
          "valueCoding" : {
            "system" : "urn:oid:2.16.840.1.113883.6.238",
            "code" : "2148-5",
            "display" : "Mexican"
          }
        },
        {
          "url" : "text",
          "valueString" : "Hispanic or Latino"
        }],
        "url" : "http://hl7.org/fhir/us/core/StructureDefinition/us-core-ethnicity"
      },
      {
        "extension" : [{
          "url" : "tribalAffiliation",
          "valueCodeableConcept" : {
            "coding" : [{
              "system" : "http://terminology.hl7.org/CodeSystem/v3-TribalEntityUS",
              "code" : "187",
              "display" : "Paiute-Shoshone Tribe of the Fallon Reservation and Colony, Nevada"
            }],
            "text" : "Shoshone"
          }
        },
        {
          "url" : "isEnrolled",
          "valueBoolean" : false
        }],
        "url" : "http://hl7.org/fhir/us/core/StructureDefinition/us-core-tribal-affiliation"
      },
      {
        "url" : "http://hl7.org/fhir/us/core/StructureDefinition/us-core-sex",
        "valueCoding" : {
          "system" : "http://snomed.info/sct",
          "version" : "http://snomed.info/sct/731000124108",
          "code" : "248152002",
          "display" : "Female (finding)"
        }
      },
      {
        "url" : "http://hl7.org/fhir/us/core/StructureDefinition/us-core-interpreter-needed",
        "valueCoding" : {
          "system" : "http://snomed.info/sct",
          "version" : "http://snomed.info/sct/731000124108",
          "code" : "373066001"
        }
      }],
      "identifier" : [{
        "use" : "usual",
        "type" : {
          "coding" : [{
            "system" : "http://terminology.hl7.org/CodeSystem/v2-0203",
            "code" : "MR",
            "display" : "Medical Record Number"
          }],
          "text" : "Medical Record Number"
        },
        "system" : "http://example.org/patient/identifiers",
        "value" : "1032702"
      }],
      "active" : true,
      "name" : [{
        "use" : "old",
        "family" : "Shaw",
        "given" : ["Amy",
        "V."],
        "period" : {
          "start" : "2016-12-06",
          "end" : "2020-07-22"
        }
      },
      {
        "use" : "usual",
        "family" : "Baxter",
        "given" : ["Amy",
        "V."],
        "suffix" : ["PharmD"],
        "period" : {
          "start" : "2020-07-22"
        }
      }],
      "telecom" : [{
        "system" : "phone",
        "value" : "555-555-5555",
        "use" : "home"
      },
      {
        "system" : "email",
        "value" : "amy.shaw@example.com"
      }],
      "birthDate" : "1987-02-20",
      "address" : [{
        "use" : "old",
        "line" : ["49 MEADOW ST"],
        "city" : "MOUNDS",
        "state" : "OK",
        "postalCode" : "74047",
        "country" : "US",
        "period" : {
          "start" : "2016-12-06",
          "end" : "2020-07-22"
        }
      },
      {
        "line" : ["183 MOUNTAIN VIEW ST"],
        "city" : "MOUNDS",
        "state" : "OK",
        "postalCode" : "74048",
        "country" : "US",
        "period" : {
          "start" : "2020-07-22"
        }
      }],
      "communication" : [{
        "language" : {
          "coding" : [{
            "system" : "urn:ietf:bcp:47",
            "code" : "es",
            "display" : "Spanish"
          }]
        },
        "preferred" : true
      }]
    }
  },
  {
    "fullUrl" : "https://example.fhir.org/fhir/PractitionerRole/f54d8c90-aea2-46b0-8f7a-8683db78344e",
    "resource" : {
      "resourceType" : "PractitionerRole",
      "id" : "f54d8c90-aea2-46b0-8f7a-8683db78344e",
      "meta" : {
        "profile" : ["http://hl7.org/fhir/us/core/StructureDefinition/us-core-practitionerrole"]
      },
      "text" : {
        "status" : "generated",
        "div" : "<div xmlns=\"http://www.w3.org/1999/xhtml\"><a name=\"PractitionerRole_f54d8c90-aea2-46b0-8f7a-8683db78344e\"> </a><p class=\"res-header-id\"><b>Generated Narrative: PractitionerRole f54d8c90-aea2-46b0-8f7a-8683db78344e</b></p><a name=\"f54d8c90-aea2-46b0-8f7a-8683db78344e\"> </a><a name=\"hcf54d8c90-aea2-46b0-8f7a-8683db78344e\"> </a><div style=\"display: inline-block; background-color: #d9e0e7; padding: 6px; margin: 4px; border: 1px solid #8da1b4; border-radius: 5px; line-height: 60%\"><p style=\"margin-bottom: 0px\"/><p style=\"margin-bottom: 0px\">Profile: <a href=\"http://hl7.org/fhir/us/core/STU8/StructureDefinition-us-core-practitionerrole.html\">US Core PractitionerRole Profile</a></p></div><p><b>practitioner</b>: <a href=\"Bundle-bundle-no-info-required-sections.html#Practitioner_19c24876-ccf8-45e7-8b66-462317e970f1\">Bundle: identifier = urn:oid:2.16.724.4.8.10.200.10#59f51f0b-2005-485c-858e-3d3ae9657287; type = document; timestamp = 2025-01-08 20:42:11+0000</a></p><p><b>organization</b>: <a href=\"Bundle-bundle-no-info-required-sections.html#Organization_70a756e3-20b3-4637-8601-a222983e295a\">Bundle: identifier = urn:oid:2.16.724.4.8.10.200.10#59f51f0b-2005-485c-858e-3d3ae9657287; type = document; timestamp = 2025-01-08 20:42:11+0000</a></p><p><b>code</b>: <span title=\"Codes:{http://terminology.hl7.org/CodeSystem/v3-ParticipationFunction PCP}, {http://nucc.org/provider-taxonomy 261QP2300X}\">primary care physician</span></p><p><b>specialty</b>: <span title=\"Codes:{http://nucc.org/provider-taxonomy 208D00000X}\">General Practice Physician</span></p><p><b>telecom</b>: ph: (+1) 555-555-5555, <a href=\"mailto:ronald.bone@holyhealthcare.org\">ronald.bone@holyhealthcare.org</a></p></div>"
      },
      "practitioner" : {
        "reference" : "Practitioner/19c24876-ccf8-45e7-8b66-462317e970f1"
      },
      "organization" : {
        "reference" : "Organization/70a756e3-20b3-4637-8601-a222983e295a"
      },
      "code" : [{
        "coding" : [{
          "system" : "http://terminology.hl7.org/CodeSystem/v3-ParticipationFunction",
          "code" : "PCP",
          "display" : "primary care physician"
        },
        {
          "system" : "http://nucc.org/provider-taxonomy",
          "code" : "261QP2300X",
          "display" : "Primary Care Clinic/Center"
        }]
      }],
      "specialty" : [{
        "coding" : [{
          "system" : "http://nucc.org/provider-taxonomy",
          "code" : "208D00000X",
          "display" : "General Practice Physician"
        }]
      }],
      "telecom" : [{
        "system" : "phone",
        "value" : "(+1) 555-555-5555"
      },
      {
        "system" : "email",
        "value" : "ronald.bone@holyhealthcare.org"
      }]
    }
  },
  {
    "fullUrl" : "https://example.fhir.org/fhir/Practitioner/19c24876-ccf8-45e7-8b66-462317e970f1",
    "resource" : {
      "resourceType" : "Practitioner",
      "id" : "19c24876-ccf8-45e7-8b66-462317e970f1",
      "meta" : {
        "profile" : ["http://hl7.org/fhir/us/core/StructureDefinition/us-core-practitioner|8.0.0"]
      },
      "text" : {
        "status" : "generated",
        "div" : "<div xmlns=\"http://www.w3.org/1999/xhtml\"><a name=\"Practitioner_19c24876-ccf8-45e7-8b66-462317e970f1\"> </a><p class=\"res-header-id\"><b>Generated Narrative: Practitioner 19c24876-ccf8-45e7-8b66-462317e970f1</b></p><a name=\"19c24876-ccf8-45e7-8b66-462317e970f1\"> </a><a name=\"hc19c24876-ccf8-45e7-8b66-462317e970f1\"> </a><div style=\"display: inline-block; background-color: #d9e0e7; padding: 6px; margin: 4px; border: 1px solid #8da1b4; border-radius: 5px; line-height: 60%\"><p style=\"margin-bottom: 0px\"/><p style=\"margin-bottom: 0px\">Profile: <a href=\"http://hl7.org/fhir/us/core/STU8/StructureDefinition-us-core-practitioner.html\">US Core Practitioner Profileversion: null8.0.0)</a></p></div><p><b>identifier</b>: <a href=\"http://terminology.hl7.org/5.5.0/NamingSystem-npi.html\" title=\"National Provider Identifier\">United States National Provider Identifier</a>/9941339100, <code>http://www.acme.org/practitioners</code>/25456</p><p><b>name</b>: Ronald Bone </p><p><b>address</b>: 1003 HEALTHCARE DR AMHERST MA 01002 US (work)</p></div>"
      },
      "identifier" : [{
        "system" : "http://hl7.org/fhir/sid/us-npi",
        "value" : "9941339100"
      },
      {
        "extension" : [{
          "url" : "http://hl7.org/fhir/us/core/StructureDefinition/us-core-jurisdiction",
          "valueCodeableConcept" : {
            "coding" : [{
              "system" : "https://www.usps.com/",
              "code" : "MA"
            }],
            "text" : "Massachusetts"
          }
        }],
        "system" : "http://www.acme.org/practitioners",
        "value" : "25456"
      }],
      "name" : [{
        "family" : "Bone",
        "given" : ["Ronald"],
        "prefix" : ["Dr"]
      }],
      "address" : [{
        "use" : "work",
        "line" : ["1003 HEALTHCARE DR"],
        "city" : "AMHERST",
        "state" : "MA",
        "postalCode" : "01002",
        "country" : "US"
      }]
    }
  },
  {
    "fullUrl" : "https://example.fhir.org/fhir/Organization/70a756e3-20b3-4637-8601-a222983e295a",
    "resource" : {
      "resourceType" : "Organization",
      "id" : "70a756e3-20b3-4637-8601-a222983e295a",
      "meta" : {
        "profile" : ["http://hl7.org/fhir/us/core/StructureDefinition/us-core-organization|8.0.0"]
      },
      "text" : {
        "status" : "generated",
        "div" : "<div xmlns=\"http://www.w3.org/1999/xhtml\"><a name=\"Organization_70a756e3-20b3-4637-8601-a222983e295a\"> </a><p class=\"res-header-id\"><b>Generated Narrative: Organization 70a756e3-20b3-4637-8601-a222983e295a</b></p><a name=\"70a756e3-20b3-4637-8601-a222983e295a\"> </a><a name=\"hc70a756e3-20b3-4637-8601-a222983e295a\"> </a><div style=\"display: inline-block; background-color: #d9e0e7; padding: 6px; margin: 4px; border: 1px solid #8da1b4; border-radius: 5px; line-height: 60%\"><p style=\"margin-bottom: 0px\"/><p style=\"margin-bottom: 0px\">Profile: <a href=\"http://hl7.org/fhir/us/core/STU8/StructureDefinition-us-core-organization.html\">US Core Organization Profileversion: null8.0.0)</a></p></div><p><b>identifier</b>: <a href=\"http://terminology.hl7.org/5.5.0/NamingSystem-npi.html\" title=\"National Provider Identifier\">United States National Provider Identifier</a>/1234567893</p><p><b>active</b>: true</p><p><b>type</b>: <span title=\"Codes:{http://terminology.hl7.org/CodeSystem/organization-type prov}\">Provider</span></p><p><b>name</b>: Holy Healthcare</p><p><b>telecom</b>: ph: (+1) 555-555-5555, <a href=\"mailto:hq@holyhealthcare.org\">hq@holyhealthcare.org</a></p><p><b>address</b>: 100 MANAGING ORGANIZATION AVE Amherst MA 01002 US </p></div>"
      },
      "identifier" : [{
        "system" : "http://hl7.org/fhir/sid/us-npi",
        "value" : "1234567893"
      }],
      "active" : true,
      "type" : [{
        "coding" : [{
          "system" : "http://terminology.hl7.org/CodeSystem/organization-type",
          "code" : "prov"
        }],
        "text" : "Provider"
      }],
      "name" : "Holy Healthcare",
      "telecom" : [{
        "system" : "phone",
        "value" : "(+1) 555-555-5555"
      },
      {
        "system" : "email",
        "value" : "hq@holyhealthcare.org"
      }],
      "address" : [{
        "line" : ["100 MANAGING ORGANIZATION AVE"],
        "city" : "Amherst",
        "state" : "MA",
        "postalCode" : "01002",
        "country" : "US"
      }]
    }
  }]
}