{
  "package-id" : "hl7.fhir.uv.ips",
  "version" : "2.0.0",
  "path" : "http://hl7.org/fhir/uv/ips/STU2",
  "mode" : "milestone",
  "status" : "draft",
  "sequence" : "STU 2",
  "desc" : "This publication is a 2.0.0 STU release, which incorporates implementation feedback, terminology updates, new Alerts and Patient Story sections, converting the IG source to FSH, plus multiple additional updates and publication cleanup.",
  "descmd" : "This publication is a 2.0.0 STU release, which incorporates implementation feedback, terminology updates, new Alerts and Patient Story sections, converting the IG source to FSH, plus multiple additional updates and publication cleanup."
}